-- Madani Mushaf (604-page) reference data
-- Sources: quran-qcf4 index/verses (Madinah Mushaf layout) + standard juz/hizb page markers
-- User progress source of truth remains quran_page_progress.
-- Surah progress is page-based for MVP (not ayah-weighted).

CREATE TABLE quran_surah (
    surah_number INT PRIMARY KEY,
    name_arabic VARCHAR(100) NOT NULL,
    name_english VARCHAR(120) NOT NULL,
    transliteration VARCHAR(120) NOT NULL,
    ayah_count INT NOT NULL,
    revelation_type VARCHAR(16) NOT NULL,
    start_page INT NOT NULL,
    end_page INT NOT NULL,
    CONSTRAINT chk_quran_surah_number CHECK (surah_number BETWEEN 1 AND 114),
    CONSTRAINT chk_quran_surah_revelation CHECK (revelation_type IN ('MECCAN', 'MEDINAN')),
    CONSTRAINT chk_quran_surah_pages CHECK (
        start_page BETWEEN 1 AND 604
        AND end_page BETWEEN 1 AND 604
        AND start_page <= end_page
    )
);
CREATE TABLE quran_juz (
    juz_number INT PRIMARY KEY,
    start_page INT NOT NULL,
    end_page INT NOT NULL,
    CONSTRAINT chk_quran_juz_number CHECK (juz_number BETWEEN 1 AND 30),
    CONSTRAINT chk_quran_juz_pages CHECK (
        start_page BETWEEN 1 AND 604
        AND end_page BETWEEN 1 AND 604
        AND start_page <= end_page
    )
);
CREATE TABLE quran_hizb (
    hizb_number INT PRIMARY KEY,
    juz_number INT NOT NULL REFERENCES quran_juz (juz_number),
    start_page INT NOT NULL,
    end_page INT NOT NULL,
    CONSTRAINT chk_quran_hizb_number CHECK (hizb_number BETWEEN 1 AND 60),
    CONSTRAINT chk_quran_hizb_pages CHECK (
        start_page BETWEEN 1 AND 604
        AND end_page BETWEEN 1 AND 604
        AND start_page <= end_page
    )
);
CREATE TABLE quran_page_ref (
    page_number INT PRIMARY KEY,
    juz_number INT NOT NULL REFERENCES quran_juz (juz_number),
    hizb_number INT NOT NULL REFERENCES quran_hizb (hizb_number),
    CONSTRAINT chk_quran_page_ref_number CHECK (page_number BETWEEN 1 AND 604)
);
CREATE TABLE quran_page_surah_range (
    id BIGINT GENERATED BY DEFAULT AS IDENTITY PRIMARY KEY,
    page_number INT NOT NULL REFERENCES quran_page_ref (page_number),
    surah_number INT NOT NULL REFERENCES quran_surah (surah_number),
    start_ayah INT NOT NULL,
    end_ayah INT NOT NULL,
    CONSTRAINT uq_quran_page_surah_range UNIQUE (page_number, surah_number),
    CONSTRAINT chk_quran_page_surah_ayah CHECK (
        start_ayah >= 1
        AND end_ayah >= start_ayah
    )
);
CREATE INDEX idx_quran_page_surah_range_surah ON quran_page_surah_range (surah_number);
CREATE INDEX idx_quran_page_ref_juz ON quran_page_ref (juz_number);
CREATE INDEX idx_quran_page_ref_hizb ON quran_page_ref (hizb_number);

INSERT INTO quran_surah (surah_number, name_arabic, name_english, transliteration, ayah_count, revelation_type, start_page, end_page) VALUES
(1, 'الفاتحة', 'The Opener', 'Al-Fatihah', 7, 'MECCAN', 1, 1),
(2, 'البقرة', 'The Cow', 'Al-Baqarah', 286, 'MEDINAN', 2, 49),
(3, 'آل عمران', 'Family of Imran', 'Ali ''Imran', 200, 'MEDINAN', 50, 76),
(4, 'النساء', 'The Women', 'An-Nisa', 176, 'MEDINAN', 77, 106),
(5, 'المائدة', 'The Table Spread', 'Al-Ma''idah', 120, 'MEDINAN', 106, 127),
(6, 'الأنعام', 'The Cattle', 'Al-An''am', 165, 'MECCAN', 128, 150),
(7, 'الأعراف', 'The Heights', 'Al-A''raf', 206, 'MECCAN', 151, 176),
(8, 'الأنفال', 'The Spoils of War', 'Al-Anfal', 75, 'MEDINAN', 177, 186),
(9, 'التوبة', 'The Repentance', 'At-Tawbah', 129, 'MEDINAN', 187, 207),
(10, 'يونس', 'Jonah', 'Yunus', 109, 'MECCAN', 208, 221),
(11, 'هود', 'Hud', 'Hud', 123, 'MECCAN', 221, 235),
(12, 'يوسف', 'Joseph', 'Yusuf', 111, 'MECCAN', 235, 248),
(13, 'الرعد', 'The Thunder', 'Ar-Ra''d', 43, 'MEDINAN', 249, 255),
(14, 'ابراهيم', 'Abraham', 'Ibrahim', 52, 'MECCAN', 255, 261),
(15, 'الحجر', 'The Rocky Tract', 'Al-Hijr', 99, 'MECCAN', 262, 267),
(16, 'النحل', 'The Bee', 'An-Nahl', 128, 'MECCAN', 267, 281),
(17, 'الإسراء', 'The Night Journey', 'Al-Isra', 111, 'MECCAN', 282, 293),
(18, 'الكهف', 'The Cave', 'Al-Kahf', 110, 'MECCAN', 293, 304),
(19, 'مريم', 'Mary', 'Maryam', 98, 'MECCAN', 305, 312),
(20, 'طه', 'Ta-Ha', 'Taha', 135, 'MECCAN', 312, 321),
(21, 'الأنبياء', 'The Prophets', 'Al-Anbya', 112, 'MECCAN', 322, 331),
(22, 'الحج', 'The Pilgrimage', 'Al-Hajj', 78, 'MEDINAN', 332, 341),
(23, 'المؤمنون', 'The Believers', 'Al-Mu''minun', 118, 'MECCAN', 342, 349),
(24, 'النور', 'The Light', 'An-Nur', 64, 'MEDINAN', 350, 359),
(25, 'الفرقان', 'The Criterion', 'Al-Furqan', 77, 'MECCAN', 359, 366),
(26, 'الشعراء', 'The Poets', 'Ash-Shu''ara', 227, 'MECCAN', 367, 376),
(27, 'النمل', 'The Ant', 'An-Naml', 93, 'MECCAN', 377, 385),
(28, 'القصص', 'The Stories', 'Al-Qasas', 88, 'MECCAN', 385, 396),
(29, 'العنكبوت', 'The Spider', 'Al-''Ankabut', 69, 'MECCAN', 396, 404),
(30, 'الروم', 'The Romans', 'Ar-Rum', 60, 'MECCAN', 404, 410),
(31, 'لقمان', 'Luqman', 'Luqman', 34, 'MECCAN', 411, 414),
(32, 'السجدة', 'The Prostration', 'As-Sajdah', 30, 'MECCAN', 415, 417),
(33, 'الأحزاب', 'The Combined Forces', 'Al-Ahzab', 73, 'MEDINAN', 418, 427),
(34, 'سبإ', 'Sheba', 'Saba', 54, 'MECCAN', 428, 434),
(35, 'فاطر', 'Originator', 'Fatir', 45, 'MECCAN', 434, 440),
(36, 'يس', 'Ya Sin', 'Ya-Sin', 83, 'MECCAN', 440, 445),
(37, 'الصافات', 'Those who set the Ranks', 'As-Saffat', 182, 'MECCAN', 446, 452),
(38, 'ص', 'The Letter "Saad"', 'Sad', 88, 'MECCAN', 453, 458),
(39, 'الزمر', 'The Troops', 'Az-Zumar', 75, 'MECCAN', 458, 467),
(40, 'غافر', 'The Forgiver', 'Ghafir', 85, 'MECCAN', 467, 476),
(41, 'فصلت', 'Explained in Detail', 'Fussilat', 54, 'MECCAN', 477, 482),
(42, 'الشورى', 'The Consultation', 'Ash-Shuraa', 53, 'MECCAN', 483, 489),
(43, 'الزخرف', 'The Ornaments of Gold', 'Az-Zukhruf', 89, 'MECCAN', 489, 495),
(44, 'الدخان', 'The Smoke', 'Ad-Dukhan', 59, 'MECCAN', 496, 498),
(45, 'الجاثية', 'The Crouching', 'Al-Jathiyah', 37, 'MECCAN', 499, 502),
(46, 'الأحقاف', 'The Wind-Curved Sandhills', 'Al-Ahqaf', 35, 'MECCAN', 502, 506),
(47, 'محمد', 'Muhammad', 'Muhammad', 38, 'MEDINAN', 507, 510),
(48, 'الفتح', 'The Victory', 'Al-Fath', 29, 'MEDINAN', 511, 515),
(49, 'الحجرات', 'The Rooms', 'Al-Hujurat', 18, 'MEDINAN', 515, 517),
(50, 'ق', 'The Letter "Qaf"', 'Qaf', 45, 'MECCAN', 518, 520),
(51, 'الذاريات', 'The Winnowing Winds', 'Adh-Dhariyat', 60, 'MECCAN', 520, 523),
(52, 'الطور', 'The Mount', 'At-Tur', 49, 'MECCAN', 523, 525),
(53, 'النجم', 'The Star', 'An-Najm', 62, 'MECCAN', 526, 528),
(54, 'القمر', 'The Moon', 'Al-Qamar', 55, 'MECCAN', 528, 531),
(55, 'الرحمن', 'The Beneficent', 'Ar-Rahman', 78, 'MEDINAN', 531, 534),
(56, 'الواقعة', 'The Inevitable', 'Al-Waqi''ah', 96, 'MECCAN', 534, 537),
(57, 'الحديد', 'The Iron', 'Al-Hadid', 29, 'MEDINAN', 537, 541),
(58, 'المجادلة', 'The Pleading Woman', 'Al-Mujadila', 22, 'MEDINAN', 542, 545),
(59, 'الحشر', 'The Exile', 'Al-Hashr', 24, 'MEDINAN', 545, 548),
(60, 'الممتحنة', 'She that is to be examined', 'Al-Mumtahanah', 13, 'MEDINAN', 549, 551),
(61, 'الصف', 'The Ranks', 'As-Saf', 14, 'MEDINAN', 551, 552),
(62, 'الجمعة', 'The Congregation, Friday', 'Al-Jumu''ah', 11, 'MEDINAN', 553, 554),
(63, 'المنافقون', 'The Hypocrites', 'Al-Munafiqun', 11, 'MEDINAN', 554, 555),
(64, 'التغابن', 'The Mutual Disillusion', 'At-Taghabun', 18, 'MEDINAN', 556, 557),
(65, 'الطلاق', 'The Divorce', 'At-Talaq', 12, 'MEDINAN', 558, 559),
(66, 'التحريم', 'The Prohibition', 'At-Tahrim', 12, 'MEDINAN', 560, 561),
(67, 'الملك', 'The Sovereignty', 'Al-Mulk', 30, 'MECCAN', 562, 564),
(68, 'القلم', 'The Pen', 'Al-Qalam', 52, 'MECCAN', 564, 566),
(69, 'الحاقة', 'The Reality', 'Al-Haqqah', 52, 'MECCAN', 566, 568),
(70, 'المعارج', 'The Ascending Stairways', 'Al-Ma''arij', 44, 'MECCAN', 568, 570),
(71, 'نوح', 'Noah', 'Nuh', 28, 'MECCAN', 570, 571),
(72, 'الجن', 'The Jinn', 'Al-Jinn', 28, 'MECCAN', 572, 573),
(73, 'المزمل', 'The Enshrouded One', 'Al-Muzzammil', 20, 'MECCAN', 574, 575),
(74, 'المدثر', 'The Cloaked One', 'Al-Muddaththir', 56, 'MECCAN', 575, 577),
(75, 'القيامة', 'The Resurrection', 'Al-Qiyamah', 40, 'MECCAN', 577, 578),
(76, 'الانسان', 'The Man', 'Al-Insan', 31, 'MEDINAN', 578, 580),
(77, 'المرسلات', 'The Emissaries', 'Al-Mursalat', 50, 'MECCAN', 580, 581),
(78, 'النبإ', 'The Tidings', 'An-Naba', 40, 'MECCAN', 582, 583),
(79, 'النازعات', 'Those who drag forth', 'An-Nazi''at', 46, 'MECCAN', 583, 584),
(80, 'عبس', 'He Frowned', '''Abasa', 42, 'MECCAN', 585, 586),
(81, 'التكوير', 'The Overthrowing', 'At-Takwir', 29, 'MECCAN', 586, 586),
(82, 'الإنفطار', 'The Cleaving', 'Al-Infitar', 19, 'MECCAN', 587, 587),
(83, 'المطففين', 'The Defrauding', 'Al-Mutaffifin', 36, 'MECCAN', 587, 589),
(84, 'الإنشقاق', 'The Sundering', 'Al-Inshiqaq', 25, 'MECCAN', 589, 590),
(85, 'البروج', 'The Mansions of the Stars', 'Al-Buruj', 22, 'MECCAN', 590, 590),
(86, 'الطارق', 'The Nightcommer', 'At-Tariq', 17, 'MECCAN', 591, 591),
(87, 'الأعلى', 'The Most High', 'Al-A''la', 19, 'MECCAN', 591, 592),
(88, 'الغاشية', 'The Overwhelming', 'Al-Ghashiyah', 26, 'MECCAN', 592, 593),
(89, 'الفجر', 'The Dawn', 'Al-Fajr', 30, 'MECCAN', 593, 594),
(90, 'البلد', 'The City', 'Al-Balad', 20, 'MECCAN', 594, 595),
(91, 'الشمس', 'The Sun', 'Ash-Shams', 15, 'MECCAN', 595, 595),
(92, 'الليل', 'The Night', 'Al-Layl', 21, 'MECCAN', 595, 596),
(93, 'الضحى', 'The Morning Hours', 'Ad-Duhaa', 11, 'MECCAN', 596, 596),
(94, 'الشرح', 'The Relief', 'Ash-Sharh', 8, 'MECCAN', 596, 597),
(95, 'التين', 'The Fig', 'At-Tin', 8, 'MECCAN', 597, 597),
(96, 'العلق', 'The Clot', 'Al-''Alaq', 19, 'MECCAN', 597, 598),
(97, 'القدر', 'The Power', 'Al-Qadr', 5, 'MECCAN', 598, 598),
(98, 'البينة', 'The Clear Proof', 'Al-Bayyinah', 8, 'MEDINAN', 598, 599),
(99, 'الزلزلة', 'The Earthquake', 'Az-Zalzalah', 8, 'MEDINAN', 599, 599),
(100, 'العاديات', 'The Courser', 'Al-''Adiyat', 11, 'MECCAN', 599, 600),
(101, 'القارعة', 'The Calamity', 'Al-Qari''ah', 11, 'MECCAN', 600, 600),
(102, 'التكاثر', 'The Rivalry in world increase', 'At-Takathur', 8, 'MECCAN', 600, 600),
(103, 'العصر', 'The Declining Day', 'Al-''Asr', 3, 'MECCAN', 601, 601),
(104, 'الهمزة', 'The Traducer', 'Al-Humazah', 9, 'MECCAN', 601, 601),
(105, 'الفيل', 'The Elephant', 'Al-Fil', 5, 'MECCAN', 601, 601),
(106, 'قريش', 'Quraysh', 'Quraysh', 4, 'MECCAN', 602, 602),
(107, 'الماعون', 'The Small kindnesses', 'Al-Ma''un', 7, 'MECCAN', 602, 602),
(108, 'الكوثر', 'The Abundance', 'Al-Kawthar', 3, 'MECCAN', 602, 602),
(109, 'الكافرون', 'The Disbelievers', 'Al-Kafirun', 6, 'MECCAN', 603, 603),
(110, 'النصر', 'The Divine Support', 'An-Nasr', 3, 'MEDINAN', 603, 603),
(111, 'المسد', 'The Palm Fiber', 'Al-Masad', 5, 'MECCAN', 603, 603),
(112, 'الإخلاص', 'The Sincerity', 'Al-Ikhlas', 4, 'MECCAN', 604, 604),
(113, 'الفلق', 'The Daybreak', 'Al-Falaq', 5, 'MECCAN', 604, 604),
(114, 'الناس', 'Mankind', 'An-Nas', 6, 'MECCAN', 604, 604);

INSERT INTO quran_juz (juz_number, start_page, end_page) VALUES
(1, 1, 21),
(2, 22, 41),
(3, 42, 61),
(4, 62, 81),
(5, 82, 101),
(6, 102, 120),
(7, 121, 141),
(8, 142, 161),
(9, 162, 181),
(10, 182, 200),
(11, 201, 221),
(12, 222, 241),
(13, 242, 261),
(14, 262, 281),
(15, 282, 301),
(16, 302, 321),
(17, 322, 341),
(18, 342, 361),
(19, 362, 381),
(20, 382, 401),
(21, 402, 421),
(22, 422, 441),
(23, 442, 461),
(24, 462, 481),
(25, 482, 501),
(26, 502, 521),
(27, 522, 541),
(28, 542, 561),
(29, 562, 581),
(30, 582, 604);

INSERT INTO quran_hizb (hizb_number, juz_number, start_page, end_page) VALUES
(1, 1, 1, 10),
(2, 1, 11, 21),
(3, 2, 22, 31),
(4, 2, 32, 41),
(5, 3, 42, 50),
(6, 3, 51, 61),
(7, 4, 62, 71),
(8, 4, 72, 81),
(9, 5, 82, 91),
(10, 5, 92, 101),
(11, 6, 102, 111),
(12, 6, 112, 120),
(13, 7, 121, 131),
(14, 7, 132, 141),
(15, 8, 142, 150),
(16, 8, 151, 161),
(17, 9, 162, 172),
(18, 9, 173, 181),
(19, 10, 182, 191),
(20, 10, 192, 200),
(21, 11, 201, 211),
(22, 11, 212, 221),
(23, 12, 222, 230),
(24, 12, 231, 241),
(25, 13, 242, 251),
(26, 13, 252, 261),
(27, 14, 262, 271),
(28, 14, 272, 281),
(29, 15, 282, 291),
(30, 15, 292, 301),
(31, 16, 302, 311),
(32, 16, 312, 321),
(33, 17, 322, 331),
(34, 17, 332, 341),
(35, 18, 342, 351),
(36, 18, 352, 361),
(37, 19, 362, 370),
(38, 19, 371, 381),
(39, 20, 382, 391),
(40, 20, 392, 401),
(41, 21, 402, 412),
(42, 21, 413, 421),
(43, 22, 422, 430),
(44, 22, 431, 441),
(45, 23, 442, 450),
(46, 23, 451, 461),
(47, 24, 462, 471),
(48, 24, 472, 481),
(49, 25, 482, 490),
(50, 25, 491, 501),
(51, 26, 502, 512),
(52, 26, 513, 521),
(53, 27, 522, 530),
(54, 27, 531, 541),
(55, 28, 542, 552),
(56, 28, 553, 561),
(57, 29, 562, 571),
(58, 29, 572, 581),
(59, 30, 582, 590),
(60, 30, 591, 604);

INSERT INTO quran_page_ref (page_number, juz_number, hizb_number) VALUES
(1, 1, 1),
(2, 1, 1),
(3, 1, 1),
(4, 1, 1),
(5, 1, 1),
(6, 1, 1),
(7, 1, 1),
(8, 1, 1),
(9, 1, 1),
(10, 1, 1),
(11, 1, 2),
(12, 1, 2),
(13, 1, 2),
(14, 1, 2),
(15, 1, 2),
(16, 1, 2),
(17, 1, 2),
(18, 1, 2),
(19, 1, 2),
(20, 1, 2),
(21, 1, 2),
(22, 2, 3),
(23, 2, 3),
(24, 2, 3),
(25, 2, 3),
(26, 2, 3),
(27, 2, 3),
(28, 2, 3),
(29, 2, 3),
(30, 2, 3),
(31, 2, 3),
(32, 2, 4),
(33, 2, 4),
(34, 2, 4),
(35, 2, 4),
(36, 2, 4),
(37, 2, 4),
(38, 2, 4),
(39, 2, 4),
(40, 2, 4),
(41, 2, 4),
(42, 3, 5),
(43, 3, 5),
(44, 3, 5),
(45, 3, 5),
(46, 3, 5),
(47, 3, 5),
(48, 3, 5),
(49, 3, 5),
(50, 3, 5),
(51, 3, 6),
(52, 3, 6),
(53, 3, 6),
(54, 3, 6),
(55, 3, 6),
(56, 3, 6),
(57, 3, 6),
(58, 3, 6),
(59, 3, 6),
(60, 3, 6),
(61, 3, 6),
(62, 4, 7),
(63, 4, 7),
(64, 4, 7),
(65, 4, 7),
(66, 4, 7),
(67, 4, 7),
(68, 4, 7),
(69, 4, 7),
(70, 4, 7),
(71, 4, 7),
(72, 4, 8),
(73, 4, 8),
(74, 4, 8),
(75, 4, 8),
(76, 4, 8),
(77, 4, 8),
(78, 4, 8),
(79, 4, 8),
(80, 4, 8),
(81, 4, 8),
(82, 5, 9),
(83, 5, 9),
(84, 5, 9),
(85, 5, 9),
(86, 5, 9),
(87, 5, 9),
(88, 5, 9),
(89, 5, 9),
(90, 5, 9),
(91, 5, 9),
(92, 5, 10),
(93, 5, 10),
(94, 5, 10),
(95, 5, 10),
(96, 5, 10),
(97, 5, 10),
(98, 5, 10),
(99, 5, 10),
(100, 5, 10),
(101, 5, 10),
(102, 6, 11),
(103, 6, 11),
(104, 6, 11),
(105, 6, 11),
(106, 6, 11),
(107, 6, 11),
(108, 6, 11),
(109, 6, 11),
(110, 6, 11),
(111, 6, 11),
(112, 6, 12),
(113, 6, 12),
(114, 6, 12),
(115, 6, 12),
(116, 6, 12),
(117, 6, 12),
(118, 6, 12),
(119, 6, 12),
(120, 6, 12),
(121, 7, 13),
(122, 7, 13),
(123, 7, 13),
(124, 7, 13),
(125, 7, 13),
(126, 7, 13),
(127, 7, 13),
(128, 7, 13),
(129, 7, 13),
(130, 7, 13),
(131, 7, 13),
(132, 7, 14),
(133, 7, 14),
(134, 7, 14),
(135, 7, 14),
(136, 7, 14),
(137, 7, 14),
(138, 7, 14),
(139, 7, 14),
(140, 7, 14),
(141, 7, 14),
(142, 8, 15),
(143, 8, 15),
(144, 8, 15),
(145, 8, 15),
(146, 8, 15),
(147, 8, 15),
(148, 8, 15),
(149, 8, 15),
(150, 8, 15),
(151, 8, 16),
(152, 8, 16),
(153, 8, 16),
(154, 8, 16),
(155, 8, 16),
(156, 8, 16),
(157, 8, 16),
(158, 8, 16),
(159, 8, 16),
(160, 8, 16),
(161, 8, 16),
(162, 9, 17),
(163, 9, 17),
(164, 9, 17),
(165, 9, 17),
(166, 9, 17),
(167, 9, 17),
(168, 9, 17),
(169, 9, 17),
(170, 9, 17),
(171, 9, 17),
(172, 9, 17),
(173, 9, 18),
(174, 9, 18),
(175, 9, 18),
(176, 9, 18),
(177, 9, 18),
(178, 9, 18),
(179, 9, 18),
(180, 9, 18),
(181, 9, 18),
(182, 10, 19),
(183, 10, 19),
(184, 10, 19),
(185, 10, 19),
(186, 10, 19),
(187, 10, 19),
(188, 10, 19),
(189, 10, 19),
(190, 10, 19),
(191, 10, 19),
(192, 10, 20),
(193, 10, 20),
(194, 10, 20),
(195, 10, 20),
(196, 10, 20),
(197, 10, 20),
(198, 10, 20),
(199, 10, 20),
(200, 10, 20),
(201, 11, 21),
(202, 11, 21),
(203, 11, 21),
(204, 11, 21),
(205, 11, 21),
(206, 11, 21),
(207, 11, 21),
(208, 11, 21),
(209, 11, 21),
(210, 11, 21),
(211, 11, 21),
(212, 11, 22),
(213, 11, 22),
(214, 11, 22),
(215, 11, 22),
(216, 11, 22),
(217, 11, 22),
(218, 11, 22),
(219, 11, 22),
(220, 11, 22),
(221, 11, 22),
(222, 12, 23),
(223, 12, 23),
(224, 12, 23),
(225, 12, 23),
(226, 12, 23),
(227, 12, 23),
(228, 12, 23),
(229, 12, 23),
(230, 12, 23),
(231, 12, 24),
(232, 12, 24),
(233, 12, 24),
(234, 12, 24),
(235, 12, 24),
(236, 12, 24),
(237, 12, 24),
(238, 12, 24),
(239, 12, 24),
(240, 12, 24),
(241, 12, 24),
(242, 13, 25),
(243, 13, 25),
(244, 13, 25),
(245, 13, 25),
(246, 13, 25),
(247, 13, 25),
(248, 13, 25),
(249, 13, 25),
(250, 13, 25),
(251, 13, 25),
(252, 13, 26),
(253, 13, 26),
(254, 13, 26),
(255, 13, 26),
(256, 13, 26),
(257, 13, 26),
(258, 13, 26),
(259, 13, 26),
(260, 13, 26),
(261, 13, 26),
(262, 14, 27),
(263, 14, 27),
(264, 14, 27),
(265, 14, 27),
(266, 14, 27),
(267, 14, 27),
(268, 14, 27),
(269, 14, 27),
(270, 14, 27),
(271, 14, 27),
(272, 14, 28),
(273, 14, 28),
(274, 14, 28),
(275, 14, 28),
(276, 14, 28),
(277, 14, 28),
(278, 14, 28),
(279, 14, 28),
(280, 14, 28),
(281, 14, 28),
(282, 15, 29),
(283, 15, 29),
(284, 15, 29),
(285, 15, 29),
(286, 15, 29),
(287, 15, 29),
(288, 15, 29),
(289, 15, 29),
(290, 15, 29),
(291, 15, 29),
(292, 15, 30),
(293, 15, 30),
(294, 15, 30),
(295, 15, 30),
(296, 15, 30),
(297, 15, 30),
(298, 15, 30),
(299, 15, 30),
(300, 15, 30),
(301, 15, 30),
(302, 16, 31),
(303, 16, 31),
(304, 16, 31),
(305, 16, 31),
(306, 16, 31),
(307, 16, 31),
(308, 16, 31),
(309, 16, 31),
(310, 16, 31),
(311, 16, 31),
(312, 16, 32),
(313, 16, 32),
(314, 16, 32),
(315, 16, 32),
(316, 16, 32),
(317, 16, 32),
(318, 16, 32),
(319, 16, 32),
(320, 16, 32),
(321, 16, 32),
(322, 17, 33),
(323, 17, 33),
(324, 17, 33),
(325, 17, 33),
(326, 17, 33),
(327, 17, 33),
(328, 17, 33),
(329, 17, 33),
(330, 17, 33),
(331, 17, 33),
(332, 17, 34),
(333, 17, 34),
(334, 17, 34),
(335, 17, 34),
(336, 17, 34),
(337, 17, 34),
(338, 17, 34),
(339, 17, 34),
(340, 17, 34),
(341, 17, 34),
(342, 18, 35),
(343, 18, 35),
(344, 18, 35),
(345, 18, 35),
(346, 18, 35),
(347, 18, 35),
(348, 18, 35),
(349, 18, 35),
(350, 18, 35),
(351, 18, 35),
(352, 18, 36),
(353, 18, 36),
(354, 18, 36),
(355, 18, 36),
(356, 18, 36),
(357, 18, 36),
(358, 18, 36),
(359, 18, 36),
(360, 18, 36),
(361, 18, 36),
(362, 19, 37),
(363, 19, 37),
(364, 19, 37),
(365, 19, 37),
(366, 19, 37),
(367, 19, 37),
(368, 19, 37),
(369, 19, 37),
(370, 19, 37),
(371, 19, 38),
(372, 19, 38),
(373, 19, 38),
(374, 19, 38),
(375, 19, 38),
(376, 19, 38),
(377, 19, 38),
(378, 19, 38),
(379, 19, 38),
(380, 19, 38),
(381, 19, 38),
(382, 20, 39),
(383, 20, 39),
(384, 20, 39),
(385, 20, 39),
(386, 20, 39),
(387, 20, 39),
(388, 20, 39),
(389, 20, 39),
(390, 20, 39),
(391, 20, 39),
(392, 20, 40),
(393, 20, 40),
(394, 20, 40),
(395, 20, 40),
(396, 20, 40),
(397, 20, 40),
(398, 20, 40),
(399, 20, 40),
(400, 20, 40),
(401, 20, 40),
(402, 21, 41),
(403, 21, 41),
(404, 21, 41),
(405, 21, 41),
(406, 21, 41),
(407, 21, 41),
(408, 21, 41),
(409, 21, 41),
(410, 21, 41),
(411, 21, 41),
(412, 21, 41),
(413, 21, 42),
(414, 21, 42),
(415, 21, 42),
(416, 21, 42),
(417, 21, 42),
(418, 21, 42),
(419, 21, 42),
(420, 21, 42),
(421, 21, 42),
(422, 22, 43),
(423, 22, 43),
(424, 22, 43),
(425, 22, 43),
(426, 22, 43),
(427, 22, 43),
(428, 22, 43),
(429, 22, 43),
(430, 22, 43),
(431, 22, 44),
(432, 22, 44),
(433, 22, 44),
(434, 22, 44),
(435, 22, 44),
(436, 22, 44),
(437, 22, 44),
(438, 22, 44),
(439, 22, 44),
(440, 22, 44),
(441, 22, 44),
(442, 23, 45),
(443, 23, 45),
(444, 23, 45),
(445, 23, 45),
(446, 23, 45),
(447, 23, 45),
(448, 23, 45),
(449, 23, 45),
(450, 23, 45),
(451, 23, 46),
(452, 23, 46),
(453, 23, 46),
(454, 23, 46),
(455, 23, 46),
(456, 23, 46),
(457, 23, 46),
(458, 23, 46),
(459, 23, 46),
(460, 23, 46),
(461, 23, 46),
(462, 24, 47),
(463, 24, 47),
(464, 24, 47),
(465, 24, 47),
(466, 24, 47),
(467, 24, 47),
(468, 24, 47),
(469, 24, 47),
(470, 24, 47),
(471, 24, 47),
(472, 24, 48),
(473, 24, 48),
(474, 24, 48),
(475, 24, 48),
(476, 24, 48),
(477, 24, 48),
(478, 24, 48),
(479, 24, 48),
(480, 24, 48),
(481, 24, 48),
(482, 25, 49),
(483, 25, 49),
(484, 25, 49),
(485, 25, 49),
(486, 25, 49),
(487, 25, 49),
(488, 25, 49),
(489, 25, 49),
(490, 25, 49),
(491, 25, 50),
(492, 25, 50),
(493, 25, 50),
(494, 25, 50),
(495, 25, 50),
(496, 25, 50),
(497, 25, 50),
(498, 25, 50),
(499, 25, 50),
(500, 25, 50),
(501, 25, 50),
(502, 26, 51),
(503, 26, 51),
(504, 26, 51),
(505, 26, 51),
(506, 26, 51),
(507, 26, 51),
(508, 26, 51),
(509, 26, 51),
(510, 26, 51),
(511, 26, 51),
(512, 26, 51),
(513, 26, 52),
(514, 26, 52),
(515, 26, 52),
(516, 26, 52),
(517, 26, 52),
(518, 26, 52),
(519, 26, 52),
(520, 26, 52),
(521, 26, 52),
(522, 27, 53),
(523, 27, 53),
(524, 27, 53),
(525, 27, 53),
(526, 27, 53),
(527, 27, 53),
(528, 27, 53),
(529, 27, 53),
(530, 27, 53),
(531, 27, 54),
(532, 27, 54),
(533, 27, 54),
(534, 27, 54),
(535, 27, 54),
(536, 27, 54),
(537, 27, 54),
(538, 27, 54),
(539, 27, 54),
(540, 27, 54),
(541, 27, 54),
(542, 28, 55),
(543, 28, 55),
(544, 28, 55),
(545, 28, 55),
(546, 28, 55),
(547, 28, 55),
(548, 28, 55),
(549, 28, 55),
(550, 28, 55),
(551, 28, 55),
(552, 28, 55),
(553, 28, 56),
(554, 28, 56),
(555, 28, 56),
(556, 28, 56),
(557, 28, 56),
(558, 28, 56),
(559, 28, 56),
(560, 28, 56),
(561, 28, 56),
(562, 29, 57),
(563, 29, 57),
(564, 29, 57),
(565, 29, 57),
(566, 29, 57),
(567, 29, 57),
(568, 29, 57),
(569, 29, 57),
(570, 29, 57),
(571, 29, 57),
(572, 29, 58),
(573, 29, 58),
(574, 29, 58),
(575, 29, 58),
(576, 29, 58),
(577, 29, 58),
(578, 29, 58),
(579, 29, 58),
(580, 29, 58),
(581, 29, 58),
(582, 30, 59),
(583, 30, 59),
(584, 30, 59),
(585, 30, 59),
(586, 30, 59),
(587, 30, 59),
(588, 30, 59),
(589, 30, 59),
(590, 30, 59),
(591, 30, 60),
(592, 30, 60),
(593, 30, 60),
(594, 30, 60),
(595, 30, 60),
(596, 30, 60),
(597, 30, 60),
(598, 30, 60),
(599, 30, 60),
(600, 30, 60),
(601, 30, 60),
(602, 30, 60),
(603, 30, 60),
(604, 30, 60);

INSERT INTO quran_page_surah_range (page_number, surah_number, start_ayah, end_ayah) VALUES
(1, 1, 1, 7),
(2, 2, 1, 5),
(3, 2, 6, 16),
(4, 2, 17, 24),
(5, 2, 25, 29),
(6, 2, 30, 37),
(7, 2, 38, 48),
(8, 2, 49, 57),
(9, 2, 58, 61),
(10, 2, 62, 69),
(11, 2, 70, 76),
(12, 2, 77, 83),
(13, 2, 84, 88),
(14, 2, 89, 93),
(15, 2, 94, 101),
(16, 2, 102, 105),
(17, 2, 106, 112),
(18, 2, 113, 119),
(19, 2, 120, 126),
(20, 2, 127, 134),
(21, 2, 135, 141),
(22, 2, 142, 145),
(23, 2, 146, 153),
(24, 2, 154, 163),
(25, 2, 164, 169),
(26, 2, 170, 176),
(27, 2, 177, 181),
(28, 2, 182, 186),
(29, 2, 187, 190),
(30, 2, 191, 196),
(31, 2, 197, 202),
(32, 2, 203, 210),
(33, 2, 211, 215),
(34, 2, 216, 219),
(35, 2, 220, 224),
(36, 2, 225, 230),
(37, 2, 231, 233),
(38, 2, 234, 237),
(39, 2, 238, 245),
(40, 2, 246, 248),
(41, 2, 249, 252),
(42, 2, 253, 256),
(43, 2, 257, 259),
(44, 2, 260, 264),
(45, 2, 265, 269),
(46, 2, 270, 274),
(47, 2, 275, 281),
(48, 2, 282, 282),
(49, 2, 283, 286),
(50, 3, 1, 9),
(51, 3, 10, 15),
(52, 3, 16, 22),
(53, 3, 23, 29),
(54, 3, 30, 37),
(55, 3, 38, 45),
(56, 3, 46, 52),
(57, 3, 53, 61),
(58, 3, 62, 70),
(59, 3, 71, 77),
(60, 3, 78, 83),
(61, 3, 84, 91),
(62, 3, 92, 100),
(63, 3, 101, 108),
(64, 3, 109, 115),
(65, 3, 116, 121),
(66, 3, 122, 132),
(67, 3, 133, 140),
(68, 3, 141, 148),
(69, 3, 149, 153),
(70, 3, 154, 157),
(71, 3, 158, 165),
(72, 3, 166, 173),
(73, 3, 174, 180),
(74, 3, 181, 186),
(75, 3, 187, 194),
(76, 3, 195, 200),
(77, 4, 1, 6),
(78, 4, 7, 11),
(79, 4, 12, 14),
(80, 4, 15, 19),
(81, 4, 20, 23),
(82, 4, 24, 26),
(83, 4, 27, 33),
(84, 4, 34, 37),
(85, 4, 38, 44),
(86, 4, 45, 51),
(87, 4, 52, 59),
(88, 4, 60, 65),
(89, 4, 66, 74),
(90, 4, 75, 79),
(91, 4, 80, 86),
(92, 4, 87, 91),
(93, 4, 92, 94),
(94, 4, 95, 101),
(95, 4, 102, 105),
(96, 4, 106, 113),
(97, 4, 114, 121),
(98, 4, 122, 127),
(99, 4, 128, 134),
(100, 4, 135, 140),
(101, 4, 141, 147),
(102, 4, 148, 154),
(103, 4, 155, 162),
(104, 4, 163, 170),
(105, 4, 171, 175),
(106, 4, 176, 176),
(106, 5, 1, 2),
(107, 5, 3, 5),
(108, 5, 6, 9),
(109, 5, 10, 13),
(110, 5, 14, 17),
(111, 5, 18, 23),
(112, 5, 24, 31),
(113, 5, 32, 36),
(114, 5, 37, 41),
(115, 5, 42, 45),
(116, 5, 46, 50),
(117, 5, 51, 57),
(118, 5, 58, 64),
(119, 5, 65, 70),
(120, 5, 71, 77),
(121, 5, 78, 83),
(122, 5, 84, 90),
(123, 5, 91, 95),
(124, 5, 96, 103),
(125, 5, 104, 108),
(126, 5, 109, 113),
(127, 5, 114, 120),
(128, 6, 1, 8),
(129, 6, 9, 18),
(130, 6, 19, 27),
(131, 6, 28, 35),
(132, 6, 36, 44),
(133, 6, 45, 52),
(134, 6, 53, 59),
(135, 6, 60, 68),
(136, 6, 69, 73),
(137, 6, 74, 81),
(138, 6, 82, 90),
(139, 6, 91, 94),
(140, 6, 95, 101),
(141, 6, 102, 110),
(142, 6, 111, 118),
(143, 6, 119, 124),
(144, 6, 125, 130),
(145, 6, 131, 137),
(146, 6, 138, 142),
(147, 6, 143, 146),
(148, 6, 147, 151),
(149, 6, 152, 157),
(150, 6, 158, 165),
(151, 7, 1, 11),
(152, 7, 12, 22),
(153, 7, 23, 30),
(154, 7, 31, 37),
(155, 7, 38, 43),
(156, 7, 44, 51),
(157, 7, 52, 57),
(158, 7, 58, 67),
(159, 7, 68, 73),
(160, 7, 74, 81),
(161, 7, 82, 87),
(162, 7, 88, 95),
(163, 7, 96, 104),
(164, 7, 105, 120),
(165, 7, 121, 130),
(166, 7, 131, 137),
(167, 7, 138, 143),
(168, 7, 144, 149),
(169, 7, 150, 155),
(170, 7, 156, 159),
(171, 7, 160, 163),
(172, 7, 164, 170),
(173, 7, 171, 178),
(174, 7, 179, 187),
(175, 7, 188, 195),
(176, 7, 196, 206),
(177, 8, 1, 8),
(178, 8, 9, 16),
(179, 8, 17, 25),
(180, 8, 26, 33),
(181, 8, 34, 40),
(182, 8, 41, 45),
(183, 8, 46, 52),
(184, 8, 53, 61),
(185, 8, 62, 69),
(186, 8, 70, 75),
(187, 9, 1, 6),
(188, 9, 7, 13),
(189, 9, 14, 20),
(190, 9, 21, 26),
(191, 9, 27, 31),
(192, 9, 32, 36),
(193, 9, 37, 40),
(194, 9, 41, 47),
(195, 9, 48, 54),
(196, 9, 55, 61),
(197, 9, 62, 68),
(198, 9, 69, 72),
(199, 9, 73, 79),
(200, 9, 80, 86),
(201, 9, 87, 93),
(202, 9, 94, 99),
(203, 9, 100, 106),
(204, 9, 107, 111),
(205, 9, 112, 117),
(206, 9, 118, 122),
(207, 9, 123, 129),
(208, 10, 1, 6),
(209, 10, 7, 14),
(210, 10, 15, 20),
(211, 10, 21, 25),
(212, 10, 26, 33),
(213, 10, 34, 42),
(214, 10, 43, 53),
(215, 10, 54, 61),
(216, 10, 62, 70),
(217, 10, 71, 78),
(218, 10, 79, 88),
(219, 10, 89, 97),
(220, 10, 98, 106),
(221, 10, 107, 109),
(221, 11, 1, 5),
(222, 11, 6, 12),
(223, 11, 13, 19),
(224, 11, 20, 28),
(225, 11, 29, 37),
(226, 11, 38, 45),
(227, 11, 46, 53),
(228, 11, 54, 62),
(229, 11, 63, 71),
(230, 11, 72, 81),
(231, 11, 82, 88),
(232, 11, 89, 97),
(233, 11, 98, 108),
(234, 11, 109, 117),
(235, 11, 118, 123),
(235, 12, 1, 4),
(236, 12, 5, 14),
(237, 12, 15, 22),
(238, 12, 23, 30),
(239, 12, 31, 37),
(240, 12, 38, 43),
(241, 12, 44, 52),
(242, 12, 53, 63),
(243, 12, 64, 69),
(244, 12, 70, 78),
(245, 12, 79, 86),
(246, 12, 87, 95),
(247, 12, 96, 103),
(248, 12, 104, 111),
(249, 13, 1, 5),
(250, 13, 6, 13),
(251, 13, 14, 18),
(252, 13, 19, 28),
(253, 13, 29, 34),
(254, 13, 35, 42),
(255, 13, 43, 43),
(255, 14, 1, 5),
(256, 14, 6, 10),
(257, 14, 11, 18),
(258, 14, 19, 24),
(259, 14, 25, 33),
(260, 14, 34, 42),
(261, 14, 43, 52),
(262, 15, 1, 15),
(263, 15, 16, 31),
(264, 15, 32, 51),
(265, 15, 52, 70),
(266, 15, 71, 90),
(267, 15, 91, 99),
(267, 16, 1, 6),
(268, 16, 7, 14),
(269, 16, 15, 26),
(270, 16, 27, 34),
(271, 16, 35, 42),
(272, 16, 43, 54),
(273, 16, 55, 64),
(274, 16, 65, 72),
(275, 16, 73, 79),
(276, 16, 80, 87),
(277, 16, 88, 93),
(278, 16, 94, 102),
(279, 16, 103, 110),
(280, 16, 111, 118),
(281, 16, 119, 128),
(282, 17, 1, 7),
(283, 17, 8, 17),
(284, 17, 18, 27),
(285, 17, 28, 38),
(286, 17, 39, 49),
(287, 17, 50, 58),
(288, 17, 59, 66),
(289, 17, 67, 75),
(290, 17, 76, 86),
(291, 17, 87, 96),
(292, 17, 97, 104),
(293, 17, 105, 111),
(293, 18, 1, 4),
(294, 18, 5, 15),
(295, 18, 16, 20),
(296, 18, 21, 27),
(297, 18, 28, 34),
(298, 18, 35, 45),
(299, 18, 46, 53),
(300, 18, 54, 61),
(301, 18, 62, 74),
(302, 18, 75, 83),
(303, 18, 84, 97),
(304, 18, 98, 110),
(305, 19, 1, 11),
(306, 19, 12, 25),
(307, 19, 26, 38),
(308, 19, 39, 51),
(309, 19, 52, 64),
(310, 19, 65, 76),
(311, 19, 77, 95),
(312, 19, 96, 98),
(312, 20, 1, 12),
(313, 20, 13, 37),
(314, 20, 38, 51),
(315, 20, 52, 64),
(316, 20, 65, 76),
(317, 20, 77, 87),
(318, 20, 88, 98),
(319, 20, 99, 113),
(320, 20, 114, 125),
(321, 20, 126, 135),
(322, 21, 1, 10),
(323, 21, 11, 24),
(324, 21, 25, 35),
(325, 21, 36, 44),
(326, 21, 45, 57),
(327, 21, 58, 72),
(328, 21, 73, 81),
(329, 21, 82, 90),
(330, 21, 91, 101),
(331, 21, 102, 112),
(332, 22, 1, 5),
(333, 22, 6, 15),
(334, 22, 16, 23),
(335, 22, 24, 30),
(336, 22, 31, 38),
(337, 22, 39, 46),
(338, 22, 47, 55),
(339, 22, 56, 64),
(340, 22, 65, 72),
(341, 22, 73, 78),
(342, 23, 1, 17),
(343, 23, 18, 27),
(344, 23, 28, 42),
(345, 23, 43, 59),
(346, 23, 60, 74),
(347, 23, 75, 89),
(348, 23, 90, 104),
(349, 23, 105, 118),
(350, 24, 1, 10),
(351, 24, 11, 20),
(352, 24, 21, 27),
(353, 24, 28, 31),
(354, 24, 32, 36),
(355, 24, 37, 43),
(356, 24, 44, 53),
(357, 24, 54, 58),
(358, 24, 59, 61),
(359, 24, 62, 64),
(359, 25, 1, 2),
(360, 25, 3, 11),
(361, 25, 12, 20),
(362, 25, 21, 32),
(363, 25, 33, 43),
(364, 25, 44, 55),
(365, 25, 56, 67),
(366, 25, 68, 77),
(367, 26, 1, 19),
(368, 26, 20, 39),
(369, 26, 40, 60),
(370, 26, 61, 83),
(371, 26, 84, 111),
(372, 26, 112, 136),
(373, 26, 137, 159),
(374, 26, 160, 183),
(375, 26, 184, 206),
(376, 26, 207, 227),
(377, 27, 1, 13),
(378, 27, 14, 22),
(379, 27, 23, 35),
(380, 27, 36, 44),
(381, 27, 45, 55),
(382, 27, 56, 63),
(383, 27, 64, 76),
(384, 27, 77, 88),
(385, 27, 89, 93),
(385, 28, 1, 5),
(386, 28, 6, 13),
(387, 28, 14, 21),
(388, 28, 22, 28),
(389, 28, 29, 35),
(390, 28, 36, 43),
(391, 28, 44, 50),
(392, 28, 51, 59),
(393, 28, 60, 70),
(394, 28, 71, 77),
(395, 28, 78, 84),
(396, 28, 85, 88),
(396, 29, 1, 6),
(397, 29, 7, 14),
(398, 29, 15, 23),
(399, 29, 24, 30),
(400, 29, 31, 38),
(401, 29, 39, 45),
(402, 29, 46, 52),
(403, 29, 53, 63),
(404, 29, 64, 69),
(404, 30, 1, 5),
(405, 30, 6, 15),
(406, 30, 16, 24),
(407, 30, 25, 32),
(408, 30, 33, 41),
(409, 30, 42, 50),
(410, 30, 51, 60),
(411, 31, 1, 11),
(412, 31, 12, 19),
(413, 31, 20, 28),
(414, 31, 29, 34),
(415, 32, 1, 11),
(416, 32, 12, 20),
(417, 32, 21, 30),
(418, 33, 1, 6),
(419, 33, 7, 15),
(420, 33, 16, 22),
(421, 33, 23, 30),
(422, 33, 31, 35),
(423, 33, 36, 43),
(424, 33, 44, 50),
(425, 33, 51, 54),
(426, 33, 55, 62),
(427, 33, 63, 73),
(428, 34, 1, 7),
(429, 34, 8, 14),
(430, 34, 15, 22),
(431, 34, 23, 31),
(432, 34, 32, 39),
(433, 34, 40, 48),
(434, 34, 49, 54),
(434, 35, 1, 3),
(435, 35, 4, 11),
(436, 35, 12, 18),
(437, 35, 19, 30),
(438, 35, 31, 38),
(439, 35, 39, 44),
(440, 35, 45, 45),
(440, 36, 1, 12),
(441, 36, 13, 27),
(442, 36, 28, 40),
(443, 36, 41, 54),
(444, 36, 55, 70),
(445, 36, 71, 83),
(446, 37, 1, 24),
(447, 37, 25, 51),
(448, 37, 52, 76),
(449, 37, 77, 102),
(450, 37, 103, 126),
(451, 37, 127, 153),
(452, 37, 154, 182),
(453, 38, 1, 16),
(454, 38, 17, 26),
(455, 38, 27, 42),
(456, 38, 43, 61),
(457, 38, 62, 83),
(458, 38, 84, 88),
(458, 39, 1, 5),
(459, 39, 6, 10),
(460, 39, 11, 21),
(461, 39, 22, 31),
(462, 39, 32, 40),
(463, 39, 41, 47),
(464, 39, 48, 56),
(465, 39, 57, 67),
(466, 39, 68, 74),
(467, 39, 75, 75),
(467, 40, 1, 7),
(468, 40, 8, 16),
(469, 40, 17, 25),
(470, 40, 26, 33),
(471, 40, 34, 40),
(472, 40, 41, 49),
(473, 40, 50, 58),
(474, 40, 59, 66),
(475, 40, 67, 77),
(476, 40, 78, 85),
(477, 41, 1, 11),
(478, 41, 12, 20),
(479, 41, 21, 29),
(480, 41, 30, 38),
(481, 41, 39, 46),
(482, 41, 47, 54),
(483, 42, 1, 10),
(484, 42, 11, 15),
(485, 42, 16, 22),
(486, 42, 23, 31),
(487, 42, 32, 44),
(488, 42, 45, 51),
(489, 42, 52, 53),
(489, 43, 1, 10),
(490, 43, 11, 22),
(491, 43, 23, 33),
(492, 43, 34, 47),
(493, 43, 48, 60),
(494, 43, 61, 73),
(495, 43, 74, 89),
(496, 44, 1, 18),
(497, 44, 19, 39),
(498, 44, 40, 59),
(499, 45, 1, 13),
(500, 45, 14, 22),
(501, 45, 23, 32),
(502, 45, 33, 37),
(502, 46, 1, 5),
(503, 46, 6, 14),
(504, 46, 15, 20),
(505, 46, 21, 28),
(506, 46, 29, 35),
(507, 47, 1, 11),
(508, 47, 12, 19),
(509, 47, 20, 29),
(510, 47, 30, 38),
(511, 48, 1, 9),
(512, 48, 10, 15),
(513, 48, 16, 23),
(514, 48, 24, 28),
(515, 48, 29, 29),
(515, 49, 1, 4),
(516, 49, 5, 11),
(517, 49, 12, 18),
(518, 50, 1, 15),
(519, 50, 16, 35),
(520, 50, 36, 45),
(520, 51, 1, 6),
(521, 51, 7, 30),
(522, 51, 31, 51),
(523, 51, 52, 60),
(523, 52, 1, 14),
(524, 52, 15, 31),
(525, 52, 32, 49),
(526, 53, 1, 26),
(527, 53, 27, 44),
(528, 53, 45, 62),
(528, 54, 1, 6),
(529, 54, 7, 27),
(530, 54, 28, 49),
(531, 54, 50, 55),
(531, 55, 1, 18),
(532, 55, 19, 41),
(533, 55, 42, 69),
(534, 55, 70, 78),
(534, 56, 1, 16),
(535, 56, 17, 50),
(536, 56, 51, 76),
(537, 56, 77, 96),
(537, 57, 1, 3),
(538, 57, 4, 11),
(539, 57, 12, 18),
(540, 57, 19, 24),
(541, 57, 25, 29),
(542, 58, 1, 6),
(543, 58, 7, 11),
(544, 58, 12, 21),
(545, 58, 22, 22),
(545, 59, 1, 3),
(546, 59, 4, 9),
(547, 59, 10, 16),
(548, 59, 17, 24),
(549, 60, 1, 5),
(550, 60, 6, 11),
(551, 60, 12, 13),
(551, 61, 1, 5),
(552, 61, 6, 14),
(553, 62, 1, 8),
(554, 62, 9, 11),
(554, 63, 1, 4),
(555, 63, 5, 11),
(556, 64, 1, 9),
(557, 64, 10, 18),
(558, 65, 1, 5),
(559, 65, 6, 12),
(560, 66, 1, 7),
(561, 66, 8, 12),
(562, 67, 1, 12),
(563, 67, 13, 26),
(564, 67, 27, 30),
(564, 68, 1, 16),
(565, 68, 17, 42),
(566, 68, 43, 52),
(566, 69, 1, 8),
(567, 69, 9, 35),
(568, 69, 36, 52),
(568, 70, 1, 10),
(569, 70, 11, 40),
(570, 70, 41, 44),
(570, 71, 1, 10),
(571, 71, 11, 28),
(572, 72, 1, 13),
(573, 72, 14, 28),
(574, 73, 1, 19),
(575, 73, 20, 20),
(575, 74, 1, 18),
(576, 74, 19, 47),
(577, 74, 48, 56),
(577, 75, 1, 19),
(578, 75, 20, 40),
(578, 76, 1, 5),
(579, 76, 6, 25),
(580, 76, 26, 31),
(580, 77, 1, 19),
(581, 77, 20, 50),
(582, 78, 1, 30),
(583, 78, 31, 40),
(583, 79, 1, 16),
(584, 79, 17, 46),
(585, 80, 1, 40),
(586, 80, 41, 42),
(586, 81, 1, 29),
(587, 82, 1, 19),
(587, 83, 1, 4),
(588, 83, 5, 33),
(589, 83, 34, 36),
(589, 84, 1, 24),
(590, 84, 25, 25),
(590, 85, 1, 22),
(591, 86, 1, 17),
(591, 87, 1, 10),
(592, 87, 11, 19),
(592, 88, 1, 22),
(593, 88, 23, 26),
(593, 89, 1, 22),
(594, 89, 23, 30),
(594, 90, 1, 18),
(595, 90, 19, 20),
(595, 91, 1, 15),
(595, 92, 1, 9),
(596, 92, 10, 21),
(596, 93, 1, 11),
(596, 94, 1, 2),
(597, 94, 3, 8),
(597, 95, 1, 8),
(597, 96, 1, 12),
(598, 96, 13, 19),
(598, 97, 1, 5),
(598, 98, 1, 5),
(599, 98, 6, 8),
(599, 99, 1, 8),
(599, 100, 1, 5),
(600, 100, 6, 11),
(600, 101, 1, 11),
(600, 102, 1, 8),
(601, 103, 1, 3),
(601, 104, 1, 9),
(601, 105, 1, 5),
(602, 106, 1, 4),
(602, 107, 1, 7),
(602, 108, 1, 3),
(603, 109, 1, 6),
(603, 110, 1, 3),
(603, 111, 1, 5),
(604, 112, 1, 4),
(604, 113, 1, 5),
(604, 114, 1, 6);

